provider_media_id,title,source,home_channel,additional_destination,origin,reason,expected_destination_effect,tvn_change_required
0UjLzRn9Ztk,The Dunning Man | FULL MOVIE | Indie Comedy,src_filmrise_movies,101,153,GEN2,Indie comedy feature.,airs on 153 (+1.51 h); home keeps it,HARVESTER_REUSE[153] += src_filmrise_movies; programmeRoutes[153] += 0UjLzRn9Ztk; import the row through tvn-import
0wgI4PocHEI,Love on the Side | FULL MOVIE | 2004 | Hot Comedy Romance,src_popcornflix,102,153,GEN2,Romantic comedy feature.,airs on 153 (+1.65 h); home keeps it,HARVESTER_REUSE[153] += src_popcornflix; programmeRoutes[153] += 0wgI4PocHEI; import the row through tvn-import
75nDglfgQqE,Hoser | FULL MOVIE | Sports Comedy,src_filmrise_movies,101,153,GEN2,Sports comedy feature.,airs on 153 (+1.50 h); home keeps it,HARVESTER_REUSE[153] += src_filmrise_movies; programmeRoutes[153] += 75nDglfgQqE; import the row through tvn-import
EJd3_7bRWrw,"Weather Girl (Free Full Movie) | Comedy | On-Air Meltdown | Mark Harmon, Jane Lynch, Jon Cryer",src_popcornflix,102,153,GEN2,Comedy feature.,airs on 153 (+1.54 h); home keeps it,HARVESTER_REUSE[153] += src_popcornflix; programmeRoutes[153] += EJd3_7bRWrw; import the row through tvn-import
G_angLL4FeE,"The Good Student | FULL MOVIE | Hayden Panettiere, Comedy",src_popcornflix,102,153,GEN2,Comedy feature.,airs on 153 (+1.33 h); home keeps it,HARVESTER_REUSE[153] += src_popcornflix; programmeRoutes[153] += G_angLL4FeE; import the row through tvn-import
JXAbAQpFh_Y,The Breakup Artist (Full Movie) Romantic Comedy,src_popcornflix,102,153,GEN2,Romantic comedy feature.,airs on 153 (+1.47 h); home keeps it,HARVESTER_REUSE[153] += src_popcornflix; programmeRoutes[153] += JXAbAQpFh_Y; import the row through tvn-import
Ls-2V-mYVh8,Corporate Animals | FULL MOVIE | Comedy,src_filmrise_movies,101,153,GEN2,Comedy feature.,airs on 153 (+1.44 h); home keeps it,HARVESTER_REUSE[153] += src_filmrise_movies; programmeRoutes[153] += Ls-2V-mYVh8; import the row through tvn-import
Ny_KCTqcrjE,Smoke n Lightnin | FULL MOVIE | Classic Action Comedy,src_filmrise_movies,101,153,GEN2,Classic action comedy feature.,airs on 153 (+1.37 h); home keeps it,HARVESTER_REUSE[153] += src_filmrise_movies; programmeRoutes[153] += Ny_KCTqcrjE; import the row through tvn-import
PknjMJ9Q8F8,Stevie D | FULL MOVIE | Action Crime-Comedy,src_filmrise_movies,101,153,GEN2,Crime comedy feature.,airs on 153 (+2.00 h); home keeps it,HARVESTER_REUSE[153] += src_filmrise_movies; programmeRoutes[153] += PknjMJ9Q8F8; import the row through tvn-import
UOmFOT-r6lE,Invisible Mom II (Full Movie) Family Comedy,src_popcornflix,102,153,GEN2,Family comedy feature.,airs on 153 (+1.50 h); home keeps it,HARVESTER_REUSE[153] += src_popcornflix; programmeRoutes[153] += UOmFOT-r6lE; import the row through tvn-import
UOoE1ax-hhA,"Kettle of Fish (Free Full Movie) Romance, Comedy, Rom Com | Matthew Modine, Gina Gershon",src_popcornflix,102,153,GEN2,Romantic comedy feature.,airs on 153 (+1.62 h); home keeps it,HARVESTER_REUSE[153] += src_popcornflix; programmeRoutes[153] += UOoE1ax-hhA; import the row through tvn-import
gzXVCOYLtkQ,First Period | FULL MOVIE | Indie Coming of Age Comedy,src_filmrise_movies,101,153,GEN2,Coming-of-age comedy feature.,airs on 153 (+1.63 h); home keeps it,HARVESTER_REUSE[153] += src_filmrise_movies; programmeRoutes[153] += gzXVCOYLtkQ; import the row through tvn-import
i7klFHO9B-g,"Spaghettiman (Full Movie) Action, Comedy | Free Superhero Movie 2016, HD",src_popcornflix,102,153,GEN2,Superhero comedy feature.,airs on 153 (+1.42 h); home keeps it,HARVESTER_REUSE[153] += src_popcornflix; programmeRoutes[153] += i7klFHO9B-g; import the row through tvn-import
sTjBjF5tap4,Tio Papi | FULL MOVIE | Comedy,src_filmrise_movies,101,153,GEN2,Comedy feature.,airs on 153 (+1.45 h); home keeps it,HARVESTER_REUSE[153] += src_filmrise_movies; programmeRoutes[153] += sTjBjF5tap4; import the row through tvn-import
tlYwRGygB50,Once Upon a Scoundrel (Full Movie) Comedy,src_popcornflix,102,153,GEN2,Comedy feature.,airs on 153 (+1.55 h); home keeps it,HARVESTER_REUSE[153] += src_popcornflix; programmeRoutes[153] += tlYwRGygB50; import the row through tvn-import
xEeeHUI4cXA,"Big Baby | FULL MOVIE | 2015 | Family, Comedy | Toddler turns 30! | Maureen McCormick",src_popcornflix,102,153,GEN2,Family comedy feature.,airs on 153 (+1.36 h); home keeps it,HARVESTER_REUSE[153] += src_popcornflix; programmeRoutes[153] += xEeeHUI4cXA; import the row through tvn-import
zvzLtrYuy0s,Who's Your Monkey (Free Full Movie) Comedy,src_popcornflix,102,153,GEN2,Comedy feature.,airs on 153 (+1.35 h); home keeps it,HARVESTER_REUSE[153] += src_popcornflix; programmeRoutes[153] += zvzLtrYuy0s; import the row through tvn-import
2N4n4aW-4Hs,"Nanook of the North, Part 2 (1922)",src_travel_film_archive,779,171,EXISTING_TVN,"Nanook of the North (1922), part 2; a landmark film of the decade. Must be routed with part 1.",airs on 171 (+0.76 h); home keeps it,HARVESTER_REUSE[171] += src_travel_film_archive; programmeRoutes[171] += 2N4n4aW-4Hs
GKC8o5CFdFM,"Cat And The Canary (1927) - Full Movie | Laura La Plante, Creighton Hale, Forrest Stanley",src_film_detective,103,171,EXISTING_TVN,"The Cat and the Canary (1927), silent feature.",airs on 171 (+1.16 h); home keeps it,HARVESTER_REUSE[171] += src_film_detective; programmeRoutes[171] += GKC8o5CFdFM
_dPClZCaiXc,The Phantom Of The Opera (1925) | Full Movie | Lon Chaney | Mary Philbin | Norman Kerry,src_film_detective,103,171,EXISTING_TVN,"The Phantom of the Opera (1925), silent feature. A FilmRise copy (6Qn4VOcnrXU) airs only on 101; 171 has no copy, so this adds no duplicate there.",airs on 171 (+1.31 h); home keeps it,HARVESTER_REUSE[171] += src_film_detective; programmeRoutes[171] += _dPClZCaiXc
ceEtrA1TId8,"Nanook of the North, Part 1 (1922)",src_travel_film_archive,779,171,EXISTING_TVN,"Nanook of the North (1922), part 1; a landmark film of the decade. Must be routed with part 2.",airs on 171 (+0.80 h); home keeps it,HARVESTER_REUSE[171] += src_travel_film_archive; programmeRoutes[171] += ceEtrA1TId8
qO9tsh7qIqo,"Across The World with Mr & Mrs Johnson, 1929",src_travel_film_archive,779,171,EXISTING_TVN,Martin and Osa Johnson's theatrically released 1929 travel feature.,airs on 171 (+0.81 h); home keeps it,HARVESTER_REUSE[171] += src_travel_film_archive; programmeRoutes[171] += qO9tsh7qIqo
yiUMx7_s5Kg,"Dr. Jekyll And Mr. Hyde (1920) | Full Movie | John Barrymore, Brandon Hurst",src_film_detective,103,171,EXISTING_TVN,"Dr. Jekyll and Mr. Hyde (1920), silent feature.",airs on 171 (+1.37 h); home keeps it,HARVESTER_REUSE[171] += src_film_detective; programmeRoutes[171] += yiUMx7_s5Kg
6N9M74cKUME,Petrie-Flom Center | Countering COVID-19 Misinformation: The Impact on Health Care Providers,src_harvard_law_international,457,745,GEN2,COVID-19 misinformation and health outcomes.,airs on 745 (+1.11 h); home keeps it,HARVESTER_REUSE[745] += src_harvard_law_international; programmeRoutes[745] += 6N9M74cKUME; import the row through tvn-import
7FeICQFDbsE,"Health after Extreme Cold, Heat, Storms and Floods - Sir Chris Whitty",src_gresham_medicine,746,745,GEN2,Chief Medical Officer on climate and health.,airs on 745 (+0.91 h); home keeps it,HARVESTER_REUSE[745] += src_gresham_medicine; programmeRoutes[745] += 7FeICQFDbsE; import the row through tvn-import
BOr2pmf61pg,The Future of Health - Chris Whitty,src_gresham_medicine,746,745,GEN2,Chief Medical Officer on the future of health.,airs on 745 (+0.86 h); home keeps it,HARVESTER_REUSE[745] += src_gresham_medicine; programmeRoutes[745] += BOr2pmf61pg; import the row through tvn-import
HN6F9K-8C-w,Petrie-Flom Center's Eighth Annual Health Law Year in P/Review: Is Universal Health Care Achievable?,src_harvard_law_international,457,745,GEN3_NEW,Annual health law and policy review.,airs on 745 (+0.99 h); home keeps it,HARVESTER_REUSE[745] += src_harvard_law_international; programmeRoutes[745] += HN6F9K-8C-w; import the row through tvn-import
HyWboL9rBNw,Covid State of Play: Building a Public Sector Health Intelligence Capability,src_berkman_klein,690,745,GEN2,Public-sector health intelligence after COVID.,airs on 745 (+0.72 h); home keeps it,HARVESTER_REUSE[745] += src_berkman_klein; programmeRoutes[745] += HyWboL9rBNw; import the row through tvn-import
RtrGwtagLoM,The Air We Breathe: Lung Health for New Yorkers,src_92ny_books,840,745,GEN2,Lung health and air quality for a city population.,airs on 745 (+0.96 h); home keeps it,HARVESTER_REUSE[745] += src_92ny_books; programmeRoutes[745] += RtrGwtagLoM; import the row through tvn-import
Vs6nDW3B7Wg,"Determining Disability: the limits of digital health for recipients, providers, & states",src_berkman_klein,690,745,GEN3_NEW,Disability determination and digital health policy.,airs on 745 (+0.88 h); home keeps it,HARVESTER_REUSE[745] += src_berkman_klein; programmeRoutes[745] += Vs6nDW3B7Wg; import the row through tvn-import
XhcVSzH_IcA,Rebecca Weintraub on Digital Badges for Global Health Delivery Skills,src_berkman_klein,690,745,GEN3_NEW,Global health delivery training.,airs on 745 (+0.91 h); home keeps it,HARVESTER_REUSE[745] += src_berkman_klein; programmeRoutes[745] += XhcVSzH_IcA; import the row through tvn-import
gFOc7zCHpRs,Who gets to be Healthy?  - Michael Marmot,src_gresham_medicine,746,745,GEN2,Michael Marmot on health inequality.,airs on 745 (+0.87 h); home keeps it,HARVESTER_REUSE[745] += src_gresham_medicine; programmeRoutes[745] += gFOc7zCHpRs; import the row through tvn-import
s4O3kvD_eSw,"Using Mobile Phone Data to Map Migration and Disease: Politics, Privacy, and Public Health",src_berkman_klein,690,745,GEN3_NEW,Mobile data for disease mapping; epidemiology and privacy.,airs on 745 (+0.86 h); home keeps it,HARVESTER_REUSE[745] += src_berkman_klein; programmeRoutes[745] += s4O3kvD_eSw; import the row through tvn-import
yQkT_Nz254I,Brittany Seymour on Social Communication Strategies for Public Health,src_berkman_klein,690,745,GEN3_NEW,Public health communication strategy.,airs on 745 (+0.95 h); home keeps it,HARVESTER_REUSE[745] += src_berkman_klein; programmeRoutes[745] += yQkT_Nz254I; import the row through tvn-import
dPHPNgIihR0,Manufactured Discontent and Fortnite,src_folding_ideas,690,812,EXISTING_TVN,Video essay wholly about Fortnite's design and economy.,airs on 812 (+0.36 h); home keeps it,HARVESTER_REUSE[812] += src_folding_ideas; programmeRoutes[812] += dPHPNgIihR0
pc2NggI8drQ,Fortnite Save the World PvE mode: Your complete guide,src_pc_gamer,244,812,EXISTING_TVN,Complete guide to Fortnite: Save the World.,airs on 812 (+0.18 h); home keeps it,HARVESTER_REUSE[812] += src_pc_gamer; programmeRoutes[812] += pc2NggI8drQ
o8k8lLKjL6A,Money as a Democratic Medium | Monetary Politics in U.S. History,src_harvard_law_international,457,916,GEN3_NEW,Panel on monetary politics in US history.,airs on 916 (+1.49 h); home keeps it,HARVESTER_REUSE[916] += src_harvard_law_international; programmeRoutes[916] += o8k8lLKjL6A; import the row through tvn-import
