candidate_id,title,programme_type,duration,source,current_source_home_channel,proposed_destination,fit_tier,fit_reason,subject_fit,current_TVN_presence,duplicate_status,why_TVN_blocks_it,whether_cross_assignment_appears_editorially_legitimate,classification,risk_if_allowed,recommended_action
153:0UjLzRn9Ztk,The Dunning Man | FULL MOVIE | Indie Comedy,FEATURE_FILM,5430,src_filmrise_movies,101,153,PROBABLE,"channel_profile_match: shares distinctive vocabulary with the channel's existing programmes: comedy, movie, life; duration_fit: duration 5430s within channel's typical 4844–5801s; hashtag_match: #comedy is core vocabulary of channel 153; title_match: partial channel-name match 'Comedy Cinema' in title; the channel's existing programmes use 'comedy'",Indie comedy feature.,not in TVN (Harvester candidate),DISTINCT,DEDICATED[src_filmrise_movies] = [101] (fit.ts:137); programmeSuitsChannel returns homes.includes(153) (fit.ts:1248) because PROGRAMME_REUSE[153] does not list src_filmrise_movies (fit.ts:1246),yes,LEGITIMATE_BOUNDED_REUSE,153 is already at target; rotation only; src_filmrise_movies airs on 6 channels today; 153 would be a new channel for it,"Candidate for an explicit HARVESTER_REUSE source-to-destination entry plus a per-programme route, after user approval"
153:0wgI4PocHEI,Love on the Side | FULL MOVIE | 2004 | Hot Comedy Romance,FEATURE_FILM,5924,src_popcornflix,102,153,PROBABLE,"channel_profile_match: shares distinctive vocabulary with the channel's existing programmes: comedy, movie, romanc; source_relationship: source src_popcornflix is used by TVN channel 153; title_match: partial channel-name match 'Comedy Cinema' in title; the channel's existing programmes use 'comedy'",Romantic comedy feature.,not in TVN (Harvester candidate),DISTINCT,DEDICATED[src_popcornflix] = [102] (fit.ts:137); programmeSuitsChannel returns homes.includes(153) (fit.ts:1248) because PROGRAMME_REUSE[153] does not list src_popcornflix (fit.ts:1246),yes,LEGITIMATE_BOUNDED_REUSE,153 is already at target; rotation only; src_popcornflix airs on 16 channels today,"Candidate for an explicit HARVESTER_REUSE source-to-destination entry plus a per-programme route, after user approval"
153:4IsWN1cHNT4,"The Gridiron | Full Movie | Comedy, Drama, Sport | Michael Dixon",FEATURE_FILM,5840,src_popcornflix,102,153,PROBABLE,"channel_profile_match: shares distinctive vocabulary with the channel's existing programmes: comedy, movie, operat, life; source_relationship: source src_popcornflix is used by TVN channel 153; title_match: partial channel-name match 'Comedy Cinema' in title; the channel's existing programmes use 'comedy'","Tagged Comedy, Drama, Sport; sports drama first, comedy secondary.",not in TVN (Harvester candidate),DISTINCT,DEDICATED[src_popcornflix] = [102] (fit.ts:137); programmeSuitsChannel returns homes.includes(153) (fit.ts:1248) because PROGRAMME_REUSE[153] does not list src_popcornflix (fit.ts:1246),weak,QUESTIONABLE_REUSE,153 is already at target; rotation only; src_popcornflix airs on 16 channels today,Do not reuse; keep on the home channel only
153:75nDglfgQqE,Hoser | FULL MOVIE | Sports Comedy,FEATURE_FILM,5382,src_filmrise_movies,101,153,PROBABLE,"channel_profile_match: shares distinctive vocabulary with the channel's existing programmes: comedy, movie; duration_fit: duration 5382s within channel's typical 4844–5801s; hashtag_match: #movie is core vocabulary of channel 153; title_match: partial channel-name match 'Comedy Cinema' in title; the channel's existing programmes use 'comedy'",Sports comedy feature.,not in TVN (Harvester candidate),DISTINCT,DEDICATED[src_filmrise_movies] = [101] (fit.ts:137); programmeSuitsChannel returns homes.includes(153) (fit.ts:1248) because PROGRAMME_REUSE[153] does not list src_filmrise_movies (fit.ts:1246),yes,LEGITIMATE_BOUNDED_REUSE,153 is already at target; rotation only; src_filmrise_movies airs on 6 channels today; 153 would be a new channel for it,"Candidate for an explicit HARVESTER_REUSE source-to-destination entry plus a per-programme route, after user approval"
153:9KVGg1jlmsA,"Private Lives of Pippa Lee | Full Movie | Comedy, Drama | Robin Wright, Keanu Reeves, Blake Lively",FEATURE_FILM,5790,src_popcornflix,102,153,PROBABLE,"channel_profile_match: shares distinctive vocabulary with the channel's existing programmes: comedy, movie, life; duration_fit: duration 5790s within channel's typical 4844–5801s; source_relationship: source src_popcornflix is used by TVN channel 153; title_match: partial channel-name match 'Comedy Cinema' in title; the channel's existing programmes use 'comedy'",Character drama with comic elements; drama-led.,not in TVN (Harvester candidate),DISTINCT,DEDICATED[src_popcornflix] = [102] (fit.ts:137); programmeSuitsChannel returns homes.includes(153) (fit.ts:1248) because PROGRAMME_REUSE[153] does not list src_popcornflix (fit.ts:1246),weak,QUESTIONABLE_REUSE,153 is already at target; rotation only; src_popcornflix airs on 16 channels today,Do not reuse; keep on the home channel only
153:EJd3_7bRWrw,"Weather Girl (Free Full Movie) | Comedy | On-Air Meltdown | Mark Harmon, Jane Lynch, Jon Cryer",FEATURE_FILM,5552,src_popcornflix,102,153,STRONG,"channel_profile_match: shares distinctive vocabulary with the channel's existing programmes: comedy, movie, advent, life; description_match: partial channel-name match 'Comedy Cinema' in programme description; duration_fit: duration 5552s within channel's typical 4844–5801s; programme_family_match: family 'Comedy' matches 22 of 24 TVN titles from the same source on this channel; source_relationship: source src_popcornflix is used by TVN channel 153",Comedy feature.,not in TVN (Harvester candidate),DISTINCT,DEDICATED[src_popcornflix] = [102] (fit.ts:137); programmeSuitsChannel returns homes.includes(153) (fit.ts:1248) because PROGRAMME_REUSE[153] does not list src_popcornflix (fit.ts:1246),yes,LEGITIMATE_BOUNDED_REUSE,153 is already at target; rotation only; src_popcornflix airs on 16 channels today,"Candidate for an explicit HARVESTER_REUSE source-to-destination entry plus a per-programme route, after user approval"
153:G_angLL4FeE,"The Good Student | FULL MOVIE | Hayden Panettiere, Comedy",FEATURE_FILM,4795,src_popcornflix,102,153,PROBABLE,"channel_profile_match: shares distinctive vocabulary with the channel's existing programmes: comedy, movie, operat, life; source_relationship: source src_popcornflix is used by TVN channel 153; title_match: partial channel-name match 'Comedy Cinema' in title; the channel's existing programmes use 'comedy'",Comedy feature.,not in TVN (Harvester candidate),DISTINCT,DEDICATED[src_popcornflix] = [102] (fit.ts:137); programmeSuitsChannel returns homes.includes(153) (fit.ts:1248) because PROGRAMME_REUSE[153] does not list src_popcornflix (fit.ts:1246),yes,LEGITIMATE_BOUNDED_REUSE,153 is already at target; rotation only; src_popcornflix airs on 16 channels today,"Candidate for an explicit HARVESTER_REUSE source-to-destination entry plus a per-programme route, after user approval"
153:JXAbAQpFh_Y,The Breakup Artist (Full Movie) Romantic Comedy,FEATURE_FILM,5296,src_popcornflix,102,153,PROBABLE,"channel_profile_match: shares distinctive vocabulary with the channel's existing programmes: comedy, movie, romanc; duration_fit: duration 5296s within channel's typical 4844–5801s; source_relationship: source src_popcornflix is used by TVN channel 153; title_match: partial channel-name match 'Comedy Cinema' in title; the channel's existing programmes use 'comedy'",Romantic comedy feature.,not in TVN (Harvester candidate),DISTINCT,DEDICATED[src_popcornflix] = [102] (fit.ts:137); programmeSuitsChannel returns homes.includes(153) (fit.ts:1248) because PROGRAMME_REUSE[153] does not list src_popcornflix (fit.ts:1246),yes,LEGITIMATE_BOUNDED_REUSE,153 is already at target; rotation only; src_popcornflix airs on 16 channels today,"Candidate for an explicit HARVESTER_REUSE source-to-destination entry plus a per-programme route, after user approval"
153:Ls-2V-mYVh8,Corporate Animals | FULL MOVIE | Comedy,FEATURE_FILM,5166,src_filmrise_movies,101,153,PROBABLE,"channel_profile_match: shares distinctive vocabulary with the channel's existing programmes: comedy, movie; duration_fit: duration 5166s within channel's typical 4844–5801s; hashtag_match: #comedy is core vocabulary of channel 153; title_match: partial channel-name match 'Comedy Cinema' in title; the channel's existing programmes use 'comedy'",Comedy feature.,not in TVN (Harvester candidate),DISTINCT,DEDICATED[src_filmrise_movies] = [101] (fit.ts:137); programmeSuitsChannel returns homes.includes(153) (fit.ts:1248) because PROGRAMME_REUSE[153] does not list src_filmrise_movies (fit.ts:1246),yes,LEGITIMATE_BOUNDED_REUSE,153 is already at target; rotation only; src_filmrise_movies airs on 6 channels today; 153 would be a new channel for it,"Candidate for an explicit HARVESTER_REUSE source-to-destination entry plus a per-programme route, after user approval"
153:Ny_KCTqcrjE,Smoke n Lightnin | FULL MOVIE | Classic Action Comedy,FEATURE_FILM,4917,src_filmrise_movies,101,153,PROBABLE,"channel_profile_match: shares distinctive vocabulary with the channel's existing programmes: comedy, movie, action; duration_fit: duration 4917s within channel's typical 4844–5801s; hashtag_match: #comedy is core vocabulary of channel 153; title_match: partial channel-name match 'Comedy Cinema' in title; the channel's existing programmes use 'comedy'",Classic action comedy feature.,not in TVN (Harvester candidate),DISTINCT,DEDICATED[src_filmrise_movies] = [101] (fit.ts:137); programmeSuitsChannel returns homes.includes(153) (fit.ts:1248) because PROGRAMME_REUSE[153] does not list src_filmrise_movies (fit.ts:1246),yes,LEGITIMATE_BOUNDED_REUSE,153 is already at target; rotation only; src_filmrise_movies airs on 6 channels today; 153 would be a new channel for it,"Candidate for an explicit HARVESTER_REUSE source-to-destination entry plus a per-programme route, after user approval"
153:PknjMJ9Q8F8,Stevie D | FULL MOVIE | Action Crime-Comedy,FEATURE_FILM,7194,src_filmrise_movies,101,153,PROBABLE,"channel_profile_match: shares distinctive vocabulary with the channel's existing programmes: comedy, movie, action; hashtag_match: #comedy is core vocabulary of channel 153; title_match: partial channel-name match 'Comedy Cinema' in title; the channel's existing programmes use 'comedy'",Crime comedy feature.,not in TVN (Harvester candidate),DISTINCT,DEDICATED[src_filmrise_movies] = [101] (fit.ts:137); programmeSuitsChannel returns homes.includes(153) (fit.ts:1248) because PROGRAMME_REUSE[153] does not list src_filmrise_movies (fit.ts:1246),yes,LEGITIMATE_BOUNDED_REUSE,153 is already at target; rotation only; src_filmrise_movies airs on 6 channels today; 153 would be a new channel for it,"Candidate for an explicit HARVESTER_REUSE source-to-destination entry plus a per-programme route, after user approval"
153:UOmFOT-r6lE,Invisible Mom II (Full Movie) Family Comedy,FEATURE_FILM,5403,src_popcornflix,102,153,STRONG,"channel_profile_match: shares distinctive vocabulary with the channel's existing programmes: comedy, family; description_match: partial channel-name match 'Comedy Cinema' in programme description; duration_fit: duration 5403s within channel's typical 4844–5801s; programme_family_match: family 'Family Comedy' matches 1 of 1 TVN titles from the same source on this channel; source_relationship: source src_popcornflix is used by TVN channel 153",Family comedy feature.,not in TVN (Harvester candidate),DISTINCT,DEDICATED[src_popcornflix] = [102] (fit.ts:137); programmeSuitsChannel returns homes.includes(153) (fit.ts:1248) because PROGRAMME_REUSE[153] does not list src_popcornflix (fit.ts:1246),yes,LEGITIMATE_BOUNDED_REUSE,153 is already at target; rotation only; src_popcornflix airs on 16 channels today,"Candidate for an explicit HARVESTER_REUSE source-to-destination entry plus a per-programme route, after user approval"
153:UOoE1ax-hhA,"Kettle of Fish (Free Full Movie) Romance, Comedy, Rom Com | Matthew Modine, Gina Gershon",FEATURE_FILM,5829,src_popcornflix,102,153,PROBABLE,"channel_profile_match: shares distinctive vocabulary with the channel's existing programmes: comedy, movie, romanc, scott; source_relationship: source src_popcornflix is used by TVN channel 153; title_match: partial channel-name match 'Comedy Cinema' in title; the channel's existing programmes use 'comedy'",Romantic comedy feature.,not in TVN (Harvester candidate),DISTINCT,DEDICATED[src_popcornflix] = [102] (fit.ts:137); programmeSuitsChannel returns homes.includes(153) (fit.ts:1248) because PROGRAMME_REUSE[153] does not list src_popcornflix (fit.ts:1246),yes,LEGITIMATE_BOUNDED_REUSE,153 is already at target; rotation only; src_popcornflix airs on 16 channels today,"Candidate for an explicit HARVESTER_REUSE source-to-destination entry plus a per-programme route, after user approval"
153:_jeZipoqkpk,"Lonely Boys (Full Movie) Drama, Comedy",FEATURE_FILM,5451,src_popcornflix,102,153,PROBABLE,"description_match: partial channel-name match 'Comedy Cinema' in programme description; duration_fit: duration 5451s within channel's typical 4844–5801s; programme_family_match: family 'Drama, Comedy' matches 1 of 1 TVN titles from the same source on this channel; source_relationship: source src_popcornflix is used by TVN channel 153","Tagged Drama, Comedy; drama-led.",not in TVN (Harvester candidate),DISTINCT,DEDICATED[src_popcornflix] = [102] (fit.ts:137); programmeSuitsChannel returns homes.includes(153) (fit.ts:1248) because PROGRAMME_REUSE[153] does not list src_popcornflix (fit.ts:1246),weak,QUESTIONABLE_REUSE,153 is already at target; rotation only; src_popcornflix airs on 16 channels today,Do not reuse; keep on the home channel only
153:ayhJW2WAjFM,"A Texas Funeral (Free Full Movie) Drama, Comedy",FEATURE_FILM,5984,src_popcornflix,102,153,STRONG,"channel_profile_match: shares distinctive vocabulary with the channel's existing programmes: comedy, movie, family; description_match: partial channel-name match 'Comedy Cinema' in programme description; programme_family_match: family 'Drama, Comedy' matches 1 of 1 TVN titles from the same source on this channel; source_relationship: source src_popcornflix is used by TVN channel 153","Tagged Drama, Comedy; drama-led family drama.",not in TVN (Harvester candidate),DISTINCT,DEDICATED[src_popcornflix] = [102] (fit.ts:137); programmeSuitsChannel returns homes.includes(153) (fit.ts:1248) because PROGRAMME_REUSE[153] does not list src_popcornflix (fit.ts:1246),weak,QUESTIONABLE_REUSE,153 is already at target; rotation only; src_popcornflix airs on 16 channels today,Do not reuse; keep on the home channel only
153:gzXVCOYLtkQ,First Period | FULL MOVIE | Indie Coming of Age Comedy,FEATURE_FILM,5882,src_filmrise_movies,101,153,PROBABLE,"channel_profile_match: shares distinctive vocabulary with the channel's existing programmes: comedy, movie; hashtag_match: #comedy is core vocabulary of channel 153; title_match: partial channel-name match 'Comedy Cinema' in title; the channel's existing programmes use 'comedy'",Coming-of-age comedy feature.,not in TVN (Harvester candidate),DISTINCT,DEDICATED[src_filmrise_movies] = [101] (fit.ts:137); programmeSuitsChannel returns homes.includes(153) (fit.ts:1248) because PROGRAMME_REUSE[153] does not list src_filmrise_movies (fit.ts:1246),yes,LEGITIMATE_BOUNDED_REUSE,153 is already at target; rotation only; src_filmrise_movies airs on 6 channels today; 153 would be a new channel for it,"Candidate for an explicit HARVESTER_REUSE source-to-destination entry plus a per-programme route, after user approval"
153:i7klFHO9B-g,"Spaghettiman (Full Movie) Action, Comedy | Free Superhero Movie 2016, HD",FEATURE_FILM,5107,src_popcornflix,102,153,STRONG,"channel_profile_match: shares distinctive vocabulary with the channel's existing programmes: comedy, movie, action; description_match: partial channel-name match 'Comedy Cinema' in programme description; duration_fit: duration 5107s within channel's typical 4844–5801s; programme_family_match: family 'Action, Comedy' matches 3 of 3 TVN titles from the same source on this channel; source_relationship: source src_popcornflix is used by TVN channel 153",Superhero comedy feature.,not in TVN (Harvester candidate),DISTINCT,DEDICATED[src_popcornflix] = [102] (fit.ts:137); programmeSuitsChannel returns homes.includes(153) (fit.ts:1248) because PROGRAMME_REUSE[153] does not list src_popcornflix (fit.ts:1246),yes,LEGITIMATE_BOUNDED_REUSE,153 is already at target; rotation only; src_popcornflix airs on 16 channels today,"Candidate for an explicit HARVESTER_REUSE source-to-destination entry plus a per-programme route, after user approval"
153:sTjBjF5tap4,Tio Papi | FULL MOVIE | Comedy,FEATURE_FILM,5218,src_filmrise_movies,101,153,PROBABLE,"channel_profile_match: shares distinctive vocabulary with the channel's existing programmes: comedy, movie, life; duration_fit: duration 5218s within channel's typical 4844–5801s; hashtag_match: #comedy is core vocabulary of channel 153; title_match: partial channel-name match 'Comedy Cinema' in title; the channel's existing programmes use 'comedy'",Comedy feature.,not in TVN (Harvester candidate),DISTINCT,DEDICATED[src_filmrise_movies] = [101] (fit.ts:137); programmeSuitsChannel returns homes.includes(153) (fit.ts:1248) because PROGRAMME_REUSE[153] does not list src_filmrise_movies (fit.ts:1246),yes,LEGITIMATE_BOUNDED_REUSE,153 is already at target; rotation only; src_filmrise_movies airs on 6 channels today; 153 would be a new channel for it,"Candidate for an explicit HARVESTER_REUSE source-to-destination entry plus a per-programme route, after user approval"
153:tlYwRGygB50,Once Upon a Scoundrel (Full Movie) Comedy,FEATURE_FILM,5595,src_popcornflix,102,153,PROBABLE,description_match: partial channel-name match 'Comedy Cinema' in programme description; duration_fit: duration 5595s within channel's typical 4844–5801s; programme_family_match: family 'Comedy' matches 22 of 24 TVN titles from the same source on this channel; source_relationship: source src_popcornflix is used by TVN channel 153,Comedy feature.,not in TVN (Harvester candidate),DISTINCT,DEDICATED[src_popcornflix] = [102] (fit.ts:137); programmeSuitsChannel returns homes.includes(153) (fit.ts:1248) because PROGRAMME_REUSE[153] does not list src_popcornflix (fit.ts:1246),yes,LEGITIMATE_BOUNDED_REUSE,153 is already at target; rotation only; src_popcornflix airs on 16 channels today,"Candidate for an explicit HARVESTER_REUSE source-to-destination entry plus a per-programme route, after user approval"
153:xEeeHUI4cXA,"Big Baby | FULL MOVIE | 2015 | Family, Comedy | Toddler turns 30! | Maureen McCormick",FEATURE_FILM,4900,src_popcornflix,102,153,STRONG,"channel_profile_match: shares distinctive vocabulary with the channel's existing programmes: comedy, movie, family; duration_fit: duration 4900s within channel's typical 4844–5801s; programme_family_match: family 'Family Comedy' matches 1 of 1 TVN titles from the same source on this channel; source_relationship: source src_popcornflix is used by TVN channel 153; title_match: partial channel-name match 'Comedy Cinema' in title; the channel's existing programmes use 'comedy'",Family comedy feature.,not in TVN (Harvester candidate),DISTINCT,DEDICATED[src_popcornflix] = [102] (fit.ts:137); programmeSuitsChannel returns homes.includes(153) (fit.ts:1248) because PROGRAMME_REUSE[153] does not list src_popcornflix (fit.ts:1246),yes,LEGITIMATE_BOUNDED_REUSE,153 is already at target; rotation only; src_popcornflix airs on 16 channels today,"Candidate for an explicit HARVESTER_REUSE source-to-destination entry plus a per-programme route, after user approval"
153:z_LJ0cLDyKM,Lymelife (Full Movie) Comedy Drama Romance,FEATURE_FILM,5354,src_popcornflix,102,153,PROBABLE,"channel_profile_match: shares distinctive vocabulary with the channel's existing programmes: comedy, romanc, operat, scott; duration_fit: duration 5354s within channel's typical 4844–5801s; source_relationship: source src_popcornflix is used by TVN channel 153; title_match: partial channel-name match 'Comedy Cinema' in title; the channel's existing programmes use 'comedy'","Comedy-drama, drama-led coming-of-age story.",not in TVN (Harvester candidate),DISTINCT,DEDICATED[src_popcornflix] = [102] (fit.ts:137); programmeSuitsChannel returns homes.includes(153) (fit.ts:1248) because PROGRAMME_REUSE[153] does not list src_popcornflix (fit.ts:1246),weak,QUESTIONABLE_REUSE,153 is already at target; rotation only; src_popcornflix airs on 16 channels today,Do not reuse; keep on the home channel only
153:zvzLtrYuy0s,Who's Your Monkey (Free Full Movie) Comedy,FEATURE_FILM,4871,src_popcornflix,102,153,STRONG,"channel_profile_match: shares distinctive vocabulary with the channel's existing programmes: comedy, movie, scott; description_match: partial channel-name match 'Comedy Cinema' in programme description; duration_fit: duration 4871s within channel's typical 4844–5801s; programme_family_match: family 'Comedy' matches 22 of 24 TVN titles from the same source on this channel; source_relationship: source src_popcornflix is used by TVN channel 153",Comedy feature.,not in TVN (Harvester candidate),DISTINCT,DEDICATED[src_popcornflix] = [102] (fit.ts:137); programmeSuitsChannel returns homes.includes(153) (fit.ts:1248) because PROGRAMME_REUSE[153] does not list src_popcornflix (fit.ts:1246),yes,LEGITIMATE_BOUNDED_REUSE,153 is already at target; rotation only; src_popcornflix airs on 16 channels today,"Candidate for an explicit HARVESTER_REUSE source-to-destination entry plus a per-programme route, after user approval"
171:2N4n4aW-4Hs,"Nanook of the North, Part 2 (1922)",ARCHIVAL_FILM,2744,src_travel_film_archive,779,171,STRONG,TVN mustMatch pattern,"Nanook of the North (1922), part 2; a landmark film of the decade. Must be routed with part 1.",in TVN; airs today on 779,DISTINCT,DEDICATED[src_travel_film_archive] = [779] (fit.ts:137); programmeSuitsChannel returns homes.includes(171) (fit.ts:1248) because PROGRAMME_REUSE[171] does not list src_travel_film_archive (fit.ts:1246),yes,LEGITIMATE_BOUNDED_REUSE,171 is already at target; rotation only; src_travel_film_archive airs on 5 channels today; 171 would be a new channel for it,"Candidate for an explicit HARVESTER_REUSE source-to-destination entry plus a per-programme route, after user approval"
171:GCPYxr-Lgv4,"The Longest Gangplank, 1926",ARCHIVAL_FILM,5812,src_travel_film_archive,779,171,STRONG,TVN mustMatch pattern,1926 cruise travelogue; confirm it is a released film rather than amateur travel footage before it airs as 1920s cinema.,in TVN; airs today on 779,DISTINCT,DEDICATED[src_travel_film_archive] = [779] (fit.ts:137); programmeSuitsChannel returns homes.includes(171) (fit.ts:1248) because PROGRAMME_REUSE[171] does not list src_travel_film_archive (fit.ts:1246),not without review,NEEDS_EDITORIAL_REVIEW,171 is already at target; rotation only; src_travel_film_archive airs on 5 channels today; 171 would be a new channel for it,Hold for a named editorial question before any reuse is considered
171:GKC8o5CFdFM,"Cat And The Canary (1927) - Full Movie | Laura La Plante, Creighton Hale, Forrest Stanley",FEATURE_FILM,4183,src_film_detective,103,171,STRONG,TVN mustMatch pattern,"The Cat and the Canary (1927), silent feature.",in TVN; airs today on 103,DISTINCT,DEDICATED[src_film_detective] = [103] (fit.ts:137); programmeSuitsChannel returns homes.includes(171) (fit.ts:1248) because PROGRAMME_REUSE[171] does not list src_film_detective (fit.ts:1246),yes,LEGITIMATE_BOUNDED_REUSE,171 is already at target; rotation only; src_film_detective airs on 15 channels today,"Candidate for an explicit HARVESTER_REUSE source-to-destination entry plus a per-programme route, after user approval"
171:_dPClZCaiXc,The Phantom Of The Opera (1925) | Full Movie | Lon Chaney | Mary Philbin | Norman Kerry,FEATURE_FILM,4722,src_film_detective,103,171,STRONG,TVN mustMatch pattern,"The Phantom of the Opera (1925), silent feature. A FilmRise copy (6Qn4VOcnrXU) airs only on 101; 171 has no copy, so this adds no duplicate there.",in TVN; airs today on 103,POSSIBLE_CONTENT_DUPLICATE (6Qn4VOcnrXU),DEDICATED[src_film_detective] = [103] (fit.ts:137); programmeSuitsChannel returns homes.includes(171) (fit.ts:1248) because PROGRAMME_REUSE[171] does not list src_film_detective (fit.ts:1246),yes,LEGITIMATE_BOUNDED_REUSE,171 is already at target; rotation only; src_film_detective airs on 15 channels today; POSSIBLE_CONTENT_DUPLICATE (6Qn4VOcnrXU),"Candidate for an explicit HARVESTER_REUSE source-to-destination entry plus a per-programme route, after user approval"
171:ceEtrA1TId8,"Nanook of the North, Part 1 (1922)",ARCHIVAL_FILM,2885,src_travel_film_archive,779,171,STRONG,TVN mustMatch pattern,"Nanook of the North (1922), part 1; a landmark film of the decade. Must be routed with part 2.",in TVN; airs today on 779,DISTINCT,DEDICATED[src_travel_film_archive] = [779] (fit.ts:137); programmeSuitsChannel returns homes.includes(171) (fit.ts:1248) because PROGRAMME_REUSE[171] does not list src_travel_film_archive (fit.ts:1246),yes,LEGITIMATE_BOUNDED_REUSE,171 is already at target; rotation only; src_travel_film_archive airs on 5 channels today; 171 would be a new channel for it,"Candidate for an explicit HARVESTER_REUSE source-to-destination entry plus a per-programme route, after user approval"
171:qO9tsh7qIqo,"Across The World with Mr & Mrs Johnson, 1929",ARCHIVAL_FILM,2906,src_travel_film_archive,779,171,STRONG,TVN mustMatch pattern,Martin and Osa Johnson's theatrically released 1929 travel feature.,in TVN; airs today on 779,DISTINCT,DEDICATED[src_travel_film_archive] = [779] (fit.ts:137); programmeSuitsChannel returns homes.includes(171) (fit.ts:1248) because PROGRAMME_REUSE[171] does not list src_travel_film_archive (fit.ts:1246),yes,LEGITIMATE_BOUNDED_REUSE,171 is already at target; rotation only; src_travel_film_archive airs on 5 channels today; 171 would be a new channel for it,"Candidate for an explicit HARVESTER_REUSE source-to-destination entry plus a per-programme route, after user approval"
171:yiUMx7_s5Kg,"Dr. Jekyll And Mr. Hyde (1920) | Full Movie | John Barrymore, Brandon Hurst",FEATURE_FILM,4934,src_film_detective,103,171,STRONG,TVN mustMatch pattern,"Dr. Jekyll and Mr. Hyde (1920), silent feature.",in TVN; airs today on 103,DISTINCT,DEDICATED[src_film_detective] = [103] (fit.ts:137); programmeSuitsChannel returns homes.includes(171) (fit.ts:1248) because PROGRAMME_REUSE[171] does not list src_film_detective (fit.ts:1246),yes,LEGITIMATE_BOUNDED_REUSE,171 is already at target; rotation only; src_film_detective airs on 15 channels today,"Candidate for an explicit HARVESTER_REUSE source-to-destination entry plus a per-programme route, after user approval"
745:6N9M74cKUME,Petrie-Flom Center | Countering COVID-19 Misinformation: The Impact on Health Care Providers,LECTURE,3995,src_harvard_law_international,457,745,PROBABLE,"channel_profile_match: shares distinctive vocabulary with the channel's existing programmes: health, public, care; description_match: full channel-name match 'Public Health' in programme description; title_match: partial channel-name match 'Public Health' in title; the channel's existing programmes use 'health'",COVID-19 misinformation and health outcomes.,not in TVN (Harvester candidate),DISTINCT,DEDICATED[src_harvard_law_international] = [457] (fit.ts:137); programmeSuitsChannel returns homes.includes(745) (fit.ts:1248) because PROGRAMME_REUSE[745] does not list src_harvard_law_international (fit.ts:1246),yes,LEGITIMATE_BOUNDED_REUSE,src_harvard_law_international airs on 2 channels today; 745 would be a new channel for it,"Candidate for an explicit HARVESTER_REUSE source-to-destination entry plus a per-programme route, after user approval"
745:7FeICQFDbsE,"Health after Extreme Cold, Heat, Storms and Floods - Sir Chris Whitty",LECTURE,3288,src_gresham_medicine,746,745,PROBABLE,"channel_profile_match: shares distinctive vocabulary with the channel's existing programmes: health, public; description_match: full channel-name match 'Public Health' in programme description; duration_fit: duration 3288s within channel's typical 78–3567s; title_match: partial channel-name match 'Public Health' in title; the channel's existing programmes use 'health'",Chief Medical Officer on climate and health.,not in TVN (Harvester candidate),DISTINCT,DEDICATED[src_gresham_medicine] = [746] (fit.ts:137); programmeSuitsChannel returns homes.includes(745) (fit.ts:1248) because PROGRAMME_REUSE[745] does not list src_gresham_medicine (fit.ts:1246),yes,LEGITIMATE_BOUNDED_REUSE,src_gresham_medicine airs on 4 channels today; 745 would be a new channel for it,"Candidate for an explicit HARVESTER_REUSE source-to-destination entry plus a per-programme route, after user approval"
745:BOr2pmf61pg,The Future of Health - Chris Whitty,LECTURE,3095,src_gresham_medicine,746,745,PROBABLE,"channel_profile_match: shares distinctive vocabulary with the channel's existing programmes: health, public, mental, improv, scienc; description_match: full channel-name match 'Public Health' in programme description; duration_fit: duration 3095s within channel's typical 78–3567s; title_match: partial channel-name match 'Public Health' in title; the channel's existing programmes use 'health'",Chief Medical Officer on the future of health.,not in TVN (Harvester candidate),DISTINCT,DEDICATED[src_gresham_medicine] = [746] (fit.ts:137); programmeSuitsChannel returns homes.includes(745) (fit.ts:1248) because PROGRAMME_REUSE[745] does not list src_gresham_medicine (fit.ts:1246),yes,LEGITIMATE_BOUNDED_REUSE,src_gresham_medicine airs on 4 channels today; 745 would be a new channel for it,"Candidate for an explicit HARVESTER_REUSE source-to-destination entry plus a per-programme route, after user approval"
745:HN6F9K-8C-w,Petrie-Flom Center's Eighth Annual Health Law Year in P/Review: Is Universal Health Care Achievable?,LECTURE,3556,src_harvard_law_international,457,745,PROBABLE,"channel_profile_match: shares distinctive vocabulary with the channel's existing programmes: health, public, care; description_match: full channel-name match 'Public Health' in programme description; duration_fit: duration 3556s within channel's typical 78–3567s; title_match: partial channel-name match 'Public Health' in title; the channel's existing programmes use 'health'",Annual health law and policy review.,not in TVN (Harvester candidate),DISTINCT,DEDICATED[src_harvard_law_international] = [457] (fit.ts:137); programmeSuitsChannel returns homes.includes(745) (fit.ts:1248) because PROGRAMME_REUSE[745] does not list src_harvard_law_international (fit.ts:1246),yes,LEGITIMATE_BOUNDED_REUSE,src_harvard_law_international airs on 2 channels today; 745 would be a new channel for it,"Candidate for an explicit HARVESTER_REUSE source-to-destination entry plus a per-programme route, after user approval"
745:HyWboL9rBNw,Covid State of Play: Building a Public Sector Health Intelligence Capability,LECTURE,2596,src_berkman_klein,690,745,PROBABLE,"channel_profile_match: shares distinctive vocabulary with the channel's existing programmes: health, public, scienc; duration_fit: duration 2596s within channel's typical 78–3567s; title_match: full channel-name match 'Public Health' in title; the channel's existing programmes use 'health, public'",Public-sector health intelligence after COVID.,not in TVN (Harvester candidate),DISTINCT,DEDICATED[src_berkman_klein] = [690] (fit.ts:137); programmeSuitsChannel returns homes.includes(745) (fit.ts:1248) because PROGRAMME_REUSE[745] does not list src_berkman_klein (fit.ts:1246),yes,LEGITIMATE_BOUNDED_REUSE,src_berkman_klein airs on 4 channels today; 745 would be a new channel for it,"Candidate for an explicit HARVESTER_REUSE source-to-destination entry plus a per-programme route, after user approval"
745:RtrGwtagLoM,The Air We Breathe: Lung Health for New Yorkers,LECTURE,3453,src_92ny_books,840,745,PROBABLE,"channel_profile_match: shares distinctive vocabulary with the channel's existing programmes: health, public, conver, scienc; description_match: full channel-name match 'Public Health' in programme description; duration_fit: duration 3453s within channel's typical 78–3567s; title_match: partial channel-name match 'Public Health' in title; the channel's existing programmes use 'health'",Lung health and air quality for a city population.,not in TVN (Harvester candidate),DISTINCT,DEDICATED[src_92ny_books] = [840] (fit.ts:137); programmeSuitsChannel returns homes.includes(745) (fit.ts:1248) because PROGRAMME_REUSE[745] does not list src_92ny_books (fit.ts:1246),yes,LEGITIMATE_BOUNDED_REUSE,src_92ny_books airs on 2 channels today; 745 would be a new channel for it,"Candidate for an explicit HARVESTER_REUSE source-to-destination entry plus a per-programme route, after user approval"
745:Vs6nDW3B7Wg,"Determining Disability: the limits of digital health for recipients, providers, & states",LECTURE,3178,src_berkman_klein,690,745,PROBABLE,"channel_profile_match: shares distinctive vocabulary with the channel's existing programmes: health, public, care; description_match: full channel-name match 'Public Health' in programme description; duration_fit: duration 3178s within channel's typical 78–3567s; title_match: partial channel-name match 'Public Health' in title; the channel's existing programmes use 'health'",Disability determination and digital health policy.,not in TVN (Harvester candidate),DISTINCT,DEDICATED[src_berkman_klein] = [690] (fit.ts:137); programmeSuitsChannel returns homes.includes(745) (fit.ts:1248) because PROGRAMME_REUSE[745] does not list src_berkman_klein (fit.ts:1246),yes,LEGITIMATE_BOUNDED_REUSE,src_berkman_klein airs on 4 channels today; 745 would be a new channel for it,"Candidate for an explicit HARVESTER_REUSE source-to-destination entry plus a per-programme route, after user approval"
745:XhcVSzH_IcA,Rebecca Weintraub on Digital Badges for Global Health Delivery Skills,LECTURE,3270,src_berkman_klein,690,745,PROBABLE,"channel_profile_match: shares distinctive vocabulary with the channel's existing programmes: health, public, improv; description_match: full channel-name match 'Public Health' in programme description; duration_fit: duration 3270s within channel's typical 78–3567s; title_match: partial channel-name match 'Public Health' in title; the channel's existing programmes use 'health'",Global health delivery training.,not in TVN (Harvester candidate),DISTINCT,DEDICATED[src_berkman_klein] = [690] (fit.ts:137); programmeSuitsChannel returns homes.includes(745) (fit.ts:1248) because PROGRAMME_REUSE[745] does not list src_berkman_klein (fit.ts:1246),yes,LEGITIMATE_BOUNDED_REUSE,src_berkman_klein airs on 4 channels today; 745 would be a new channel for it,"Candidate for an explicit HARVESTER_REUSE source-to-destination entry plus a per-programme route, after user approval"
745:gFOc7zCHpRs,Who gets to be Healthy?  - Michael Marmot,LECTURE,3116,src_gresham_medicine,746,745,PROBABLE,"channel_profile_match: shares distinctive vocabulary with the channel's existing programmes: health, public, equity, addres, scienc; description_match: full channel-name match 'Public Health' in programme description; duration_fit: duration 3116s within channel's typical 78–3567s; title_match: partial channel-name match 'Public Health' in title; the channel's existing programmes use 'health'",Michael Marmot on health inequality.,not in TVN (Harvester candidate),DISTINCT,DEDICATED[src_gresham_medicine] = [746] (fit.ts:137); programmeSuitsChannel returns homes.includes(745) (fit.ts:1248) because PROGRAMME_REUSE[745] does not list src_gresham_medicine (fit.ts:1246),yes,LEGITIMATE_BOUNDED_REUSE,src_gresham_medicine airs on 4 channels today; 745 would be a new channel for it,"Candidate for an explicit HARVESTER_REUSE source-to-destination entry plus a per-programme route, after user approval"
745:s4O3kvD_eSw,"Using Mobile Phone Data to Map Migration and Disease: Politics, Privacy, and Public Health",LECTURE,3104,src_berkman_klein,690,745,PROBABLE,"channel_profile_match: shares distinctive vocabulary with the channel's existing programmes: health, public, addres, voice, scienc; duration_fit: duration 3104s within channel's typical 78–3567s; title_match: full channel-name match 'Public Health' in title; the channel's existing programmes use 'health, public'",Mobile data for disease mapping; epidemiology and privacy.,not in TVN (Harvester candidate),DISTINCT,DEDICATED[src_berkman_klein] = [690] (fit.ts:137); programmeSuitsChannel returns homes.includes(745) (fit.ts:1248) because PROGRAMME_REUSE[745] does not list src_berkman_klein (fit.ts:1246),yes,LEGITIMATE_BOUNDED_REUSE,src_berkman_klein airs on 4 channels today; 745 would be a new channel for it,"Candidate for an explicit HARVESTER_REUSE source-to-destination entry plus a per-programme route, after user approval"
745:yQkT_Nz254I,Brittany Seymour on Social Communication Strategies for Public Health,LECTURE,3424,src_berkman_klein,690,745,PROBABLE,"channel_profile_match: shares distinctive vocabulary with the channel's existing programmes: health, public, scienc; duration_fit: duration 3424s within channel's typical 78–3567s; title_match: full channel-name match 'Public Health' in title; the channel's existing programmes use 'health, public'",Public health communication strategy.,not in TVN (Harvester candidate),DISTINCT,DEDICATED[src_berkman_klein] = [690] (fit.ts:137); programmeSuitsChannel returns homes.includes(745) (fit.ts:1248) because PROGRAMME_REUSE[745] does not list src_berkman_klein (fit.ts:1246),yes,LEGITIMATE_BOUNDED_REUSE,src_berkman_klein airs on 4 channels today; 745 would be a new channel for it,"Candidate for an explicit HARVESTER_REUSE source-to-destination entry plus a per-programme route, after user approval"
793:4KcjaVzKuzI,Documentary Photography in Apartheid South Africa - Tamar Garb,LECTURE,3520,src_gresham_medicine,746,793,PROBABLE,"channel_profile_match: shares distinctive vocabulary with the channel's existing programmes: photog, len, hand, portra, look; duration_fit: duration 3520s within channel's typical 129–4239s; title_match: full channel-name match 'Photography' in title; the channel's existing programmes use 'photog'","Subject fits, but 793 is far past target and the source is the mislabelled whole-college Gresham feed.",not in TVN (Harvester candidate),DISTINCT,DEDICATED[src_gresham_medicine] = [746] (fit.ts:137); programmeSuitsChannel returns homes.includes(793) (fit.ts:1248) because PROGRAMME_REUSE[793] does not list src_gresham_medicine (fit.ts:1246),weak,QUESTIONABLE_REUSE,793 is already at target; rotation only; src_gresham_medicine airs on 4 channels today; 793 would be a new channel for it,Do not reuse; keep on the home channel only
793:KZa7TQCuSiQ,Lee Miller: Why Her Photography Still Matters Today - Antony Penrose,LECTURE,3385,src_gresham_medicine,746,793,PROBABLE,"channel_profile_match: shares distinctive vocabulary with the channel's existing programmes: photog, camera, space, film, portra; duration_fit: duration 3385s within channel's typical 129–4239s; title_match: full channel-name match 'Photography' in title; the channel's existing programmes use 'photog'","Subject fits, but 793 is far past target and the source is the mislabelled whole-college Gresham feed.",not in TVN (Harvester candidate),DISTINCT,DEDICATED[src_gresham_medicine] = [746] (fit.ts:137); programmeSuitsChannel returns homes.includes(793) (fit.ts:1248) because PROGRAMME_REUSE[793] does not list src_gresham_medicine (fit.ts:1246),weak,QUESTIONABLE_REUSE,793 is already at target; rotation only; src_gresham_medicine airs on 4 channels today; 793 would be a new channel for it,Do not reuse; keep on the home channel only
812:dPHPNgIihR0,Manufactured Discontent and Fortnite,VIDEO_ESSAY,1279,src_folding_ideas,690,812,STRONG,TVN mustMatch pattern,Video essay wholly about Fortnite's design and economy.,in TVN; airs today on 690,DISTINCT,DEDICATED[src_folding_ideas] = [690] (fit.ts:137); programmeSuitsChannel returns homes.includes(812) (fit.ts:1248) because PROGRAMME_REUSE[812] does not list src_folding_ideas (fit.ts:1246),yes,LEGITIMATE_BOUNDED_REUSE,src_folding_ideas airs on 1 channels today; 812 would be a new channel for it,"Candidate for an explicit HARVESTER_REUSE source-to-destination entry plus a per-programme route, after user approval"
812:pc2NggI8drQ,Fortnite Save the World PvE mode: Your complete guide,GUIDE,641,src_pc_gamer,244,812,STRONG,TVN mustMatch pattern,Complete guide to Fortnite: Save the World.,in TVN; airs today on 244,DISTINCT,DEDICATED[src_pc_gamer] = [244] (fit.ts:137); programmeSuitsChannel returns homes.includes(812) (fit.ts:1248) because PROGRAMME_REUSE[812] does not list src_pc_gamer (fit.ts:1246),yes,LEGITIMATE_BOUNDED_REUSE,src_pc_gamer airs on 1 channels today; 812 would be a new channel for it,"Candidate for an explicit HARVESTER_REUSE source-to-destination entry plus a per-programme route, after user approval"
818:Hcrdjn33h-4,The CIA's Fake Scrotum That Hid a Radio | Object of Intrigue | Atlas Obscura,FEATURETTE,213,src_atlas_obscura,96,818,PROBABLE,"channel_profile_match: shares distinctive vocabulary with the channel's existing programmes: radio, histor; description_match: full channel-name match 'Radio History' in programme description; duration_fit: duration 213s within channel's typical 162–1427s; title_match: partial channel-name match 'Radio History' in title; the channel's existing programmes use 'radio'",Espionage object with a hidden radio; not radio history.,not in TVN (Harvester candidate),DISTINCT,DEDICATED[src_atlas_obscura] = [96] (fit.ts:137); programmeSuitsChannel returns homes.includes(818) (fit.ts:1248) because PROGRAMME_REUSE[818] does not list src_atlas_obscura (fit.ts:1246),no,WRONG_DESTINATION,src_atlas_obscura airs on 1 channels today; 818 would be a new channel for it,Reject for this destination
916:o8k8lLKjL6A,Money as a Democratic Medium | Monetary Politics in U.S. History,PANEL,5361,src_harvard_law_international,457,916,PROBABLE,"channel_profile_match: shares distinctive vocabulary with the channel's existing programmes: politi, policy, power; description_match: full channel-name match 'Politics & Policy' in programme description; title_match: partial channel-name match 'Politics & Policy' in title; the channel's existing programmes use 'politi'",Panel on monetary politics in US history.,not in TVN (Harvester candidate),DISTINCT,DEDICATED[src_harvard_law_international] = [457] (fit.ts:137); programmeSuitsChannel returns homes.includes(916) (fit.ts:1248) because PROGRAMME_REUSE[916] does not list src_harvard_law_international (fit.ts:1246),yes,LEGITIMATE_BOUNDED_REUSE,src_harvard_law_international airs on 2 channels today; 916 would be a new channel for it,"Candidate for an explicit HARVESTER_REUSE source-to-destination entry plus a per-programme route, after user approval"
